Index, pNode Identity Pubkey                         , Manager                                       , Registered Time          , Version
    1, "Hj5owPSHVAxbcvDSrukN4MtLf4Sw34uskyXMdBtTUfTu", "68jGBZsX3LwZWKwMmi2feZNvMDeANRMwsHAHQRHN5YJP", "3/25/2025, 12:38:53 AM" ,     1.0
    2, "AL2gmANzqKA2mztP31XF17ea2VE1AEJ1je4XP86Z3xvZ", "GWN41SyozSCyanq7S5yE6S6Q4KrYTUAkZEC7P8WTydpr", "6/2/2025, 10:39:30 PM"  ,     1.0
    3, "2venKrnNwGU83QL9eP43dNwqjWP6RPocKc44guWWVLRg", "5vwDBrnjUBLyjMnVBUvBk4uu2j8f2FvZg6rms1GDpPFi", "10/20/2025, 3:08:05 PM" ,     1.0
    4, "GCoCP7CLvVivuWUH1sSA9vMi9jjaJcXpMwVozMVA6yBg", "Bx1aHrYYhrqKAHkJZE7qrbEBHX43LBKgsy3aBwu2h1Zr", "4/16/2025, 4:46:09 AM"  ,     1.0
    5, "G7EvPwi8xhhRncfnrgicjQoBBV2fVGCHfBRGjB72vXWP", "HThhVKQ4nUafXA3PxHtnm33iZYBRbrrUfKKSv1V5LdiX", "5/29/2025, 6:48:03 PM"  ,     1.0
    6, "EcTqXgB6VJStAtBZAXcjLHf5ULj41H1PFZQ17zKosbhL", "Ec3nzEVcQ7jxgJWoHF9eECa2ysyjK95h6agNQVesNXnK", "5/30/2025, 11:19:23 PM" ,     1.0
    7, "7Q2qbwukMHX6roJ6BKWbQp5MVs5oR2HjXSjJvAsaKxQd", "FH6GhMWQMxRKhqtuKb2Uxs5sv6dXkfJ59QtWZhXb6cMe", "3/24/2025, 1:58:33 AM"  ,     1.0
    8, "Gas1DUJKsFJbWGq9pboDiEfkF5nCpTeR11bkXuEnQHiG", "B4L5QR5yYui7JdU4SwW4S51rBpcKVHKxNcMa1wJ6hhTz", "4/10/2025, 9:14:45 PM"  ,     1.0
    9, "9LKyuJ38VT4QTSTX9o2Kb6gf4w34gxpVi69pT1KBSLaQ", "FmPo76G8UPWXsB22PaXzGK1Xk6phJiaJQYdXFweSMiey", "4/3/2025, 10:57:39 PM"  ,     1.0
   10, "Ajd5HeZUU5KRgHQ9RzLTe8EKfX6LneoPYwaAXVCmxYMm", "236gasRhfMs8wTZF5yCWURTjUqRBYahPzHYEj6EdUEe2", "5/5/2025, 4:10:44 PM"   ,     1.0
   11, "6eLbt3V5HNo7EJy9iRBDHy4cBL7LQTTyJhL74DqDnFDj", "B4L5QR5yYui7JdU4SwW4S51rBpcKVHKxNcMa1wJ6hhTz", "4/9/2025, 6:56:32 PM"   ,     1.0
   12, "EJXe4QpPnCw6MMrD2UoFqrNRSKhMvngReeZJKUQxkHEi", "Ec3nzEVcQ7jxgJWoHF9eECa2ysyjK95h6agNQVesNXnK", "5/30/2025, 11:20:49 PM" ,     1.0
   13, "4Fg8kv6TQAG8WGyv4LNFfJDiYtCwk1FL5fVpqNEeEy9H", "8cAvaeurhBh3p9t7YZWLrHYbEPJ71QdwkoRLR96MT5eG", "5/1/2025, 2:44:34 AM"   ,     1.0
   14, "FCpcGCiagPgz3z1xQNoAuQYHZZMM7S8fehiD7CarNsjp", "HThhVKQ4nUafXA3PxHtnm33iZYBRbrrUfKKSv1V5LdiX", "5/29/2025, 6:50:46 PM"  ,     1.0
   15, "6PbJSbfG4pMneMoizZFNEfNkmBrL6frenKmDbqbBDcKq", "4Ud8eU6dR6CGGAgrTJB2aVrsf3bce7eQyDZ1gRLTHNcn", "11/29/2025, 8:01:06 PM" ,     1.0
   16, "EmiQwJYVGRmjR16aYYrf1B81QCS6frjN6QKNJxyRTmaC", "GFFuwHmXDXA3KUiiGhXkJTdiRyeJ5H1zWmXdXE592Z88", "5/29/2025, 5:34:01 PM"  ,     1.0
   17, "FuCRyA88f9h6c5XSiWx8xNCYUpNg69Ph4eVLz2MqHQsJ", "BgVsk752szCoQh9vKPr65yFNz7Qgj8zBeqMR775Ky8Ev", "5/25/2025, 8:02:18 PM"  ,     1.0
   18, "GjGWX32qcfbe1Zp4f3UiKU231VJ1qtnTg5WuM6wCM4JK", "7B685ggKDUTohfwM8vBVF7HnZveuY6myQHjzBtkGrK8C", "5/31/2025, 1:49:22 AM"  ,     1.0
   19, "8Z7cJQgZBX4ahugxU7RjJvVJq6TeK9tCLxd9EDjT3RDy", "9DVdYWUfQ46TP8wiLMqstZ9MG9sknH56M6FxPxeJVei7", "5/31/2025, 5:51:57 PM"  ,     1.0
   20, "7g43sBPnZWtAL7gyZ25qtxfJ7zfFB3xi6XjbJJtyUr2h", "5mkdjWFudxJTJFacpg1skwSqPhZC9LMpfMGYGuPww4sq", "4/20/2025, 8:24:03 PM"  ,     1.0
   21, "3t6rzvoP8WUQMFfaEowR3xBEeN5Pwppp5stHojdhEhNc", "3E1MAZzMV69yXwtZFy9cSTSByVMXGCSasitCNtRX5UxT", "7/14/2025, 1:29:00 PM"  ,     1.0
   22, "8qtDqsLPMnYkHoDEHYNnu8DWowWxUvYWsUQKdFM8AJ2A", "DvvExJpeby3KUVR87zJbJ3LUe4PFv479vVXdjHcXVasv", "6/6/2025, 9:21:14 AM"   ,     1.0
   23, "71wUjoX8BqeKKPCj3UgDCafFi61Ckvn9ZAVhfuq8UdDq", "U2wERau5nXDBn9BNGEawd3EbUvbRpB5EH8mzp7tqGvc" , "5/6/2025, 8:35:18 PM"   ,     1.0
   24, "A4afVuRkYantwx1su9r2XGs6yUxthLVrSFoYcjBckrEW", "QvRRjuJd3Uvw1AsMGcjMoV8HxQV1emXPBgyU5SniPEy" , "3/19/2025, 9:22:35 PM"  ,     1.0
   25, "9d4T3on9yy8XGqKvhZYqiApTzceUNdqrMkZnjWGm9X9E", "DvvExJpeby3KUVR87zJbJ3LUe4PFv479vVXdjHcXVasv", "6/6/2025, 2:24:09 PM"   ,     1.0
   26, "BA5TWqCA9zTCHNfoWSmH8E9izHtpnXRT9wFgk9Ceod3o", "D7Tm6P4XoXn9d4Ye63JbhyzZrdeR3Pr2aivbweH7G9u2", "3/18/2025, 5:29:29 PM"  ,     1.0
   27, "9b9EGvd3sRLUZ4o8wsQfc78HedDrX8xypZewPfz9AqfC", "CJE9zLrYGEwXBL8njJMMCojazCP88SamfAJuGvti4sta", "6/3/2025, 10:13:52 PM"  ,     1.0
   28, "BQS5TZhHSNYbeDhGC1n1XswY4kKTQ7hnXh14PdRUnnrj", "CX4zzw3JoQLcYCS9KHQRpYY3hi9zhgSkAShVPRFRLixB", "9/9/2025, 11:03:22 PM"  ,     1.0
   29, "HESdYK2cVpRYrUjMb3EFy9zeXGsCMgniGkZj6nEty9W" , "FgakVGW4t83N6uRCfX5FUTghkoVCEG9R8kjHhbYtofPz", "5/31/2025, 1:43:01 AM"  ,     1.0
   30, "6Daq8KUF3xe1kTaTTe6wsZipA2cfeG9FiNhef9AqW5PW", "5T1kqHzi9K7gHJYTaAWYcoseTKWCf2SHaF41XcqFZwFh", "5/26/2025, 12:03:18 AM" ,     1.0
   31, "A88Qwf6s6xchaxnKNPxN3mnhheZYauFVzd4rxtyUNGbT", "CDrtbW6FUFyrBFtUhDYVADbk6vdfkVoH3J6u2YjZv4b4", "6/7/2025, 6:41:28 AM"   ,     1.0
   32, "SdPzbBg72XRiWUKtVCyMoPFjK3KqfGuEL87iZvT96M2" , "E5vZTyjVSctbKYzCUYrhUBbfZ7kLV1zTDQzpCJMwvczU", "6/7/2025, 5:27:24 PM"   ,     1.0
   33, "HDnaY7NvpfW3ouRhLv4Zm22xVhLViaf2At2MQYEcwmJ4", "32whq39Xxe4NryK9a3XW6V2Sj9GygTxC5C8iFEyWDoVJ", "6/12/2025, 2:02:26 AM"  ,     1.0
   34, "xFtqDbUQkZrAW5dKwhkFJBMdsbFpfNNZEZz7jtHXUCZ" , "236gasRhfMs8wTZF5yCWURTjUqRBYahPzHYEj6EdUEe2", "5/21/2025, 9:00:56 AM"  ,     1.0
   35, "G6uo53MmYaM9GmQysDLsTt3ppY89CwTmEuj6JoYb5XNt", "4Ud8eU6dR6CGGAgrTJB2aVrsf3bce7eQyDZ1gRLTHNcn", "3/28/2025, 3:08:21 PM"  ,     1.0
   36, "8QH63zWSTHGwv6fETGPvS4ptUsXfkuCtW85dbm9qudz9", "CANAXULnruUcijxgpvYve7RogAtzUuoeU9cVtANwiFTh", "5/28/2025, 10:06:14 PM" ,     1.0
   37, "FwdVE6Ac7Xep3aykVkwEXNDN66cARr4pK5zYtvQWLFAK", "8JRsjXe9GKtv1mc6nAhwxu1YtRLJXa6hweD3HzEHt1yk", "3/20/2025, 12:03:45 AM" ,     1.0
   38, "Aj6AqP7xvmBNuPF5v4zNB3SYxBe3yP6rsqK6KsaKVXKM", "9GaaXCbtbEZKEriByAdRAnFtwTQa1eckX3SqKJajFPwm", "3/18/2025, 6:16:26 PM"  ,     1.0
   39, "4JSzXQznJyezCtMGDkp2aRKfZAtN7GNB2dvRV5u7iK1e", "ABvNi1HtPSitU7YbX6uLdvip14FCuGnrmnwk2JpBdsft", "3/19/2025, 4:45:42 AM"  ,     1.0
   40, "6ChaE31GtUFZt1bSQtem3YgFsohgjL8kdZrEgjL64oTs", "6GRijKxntJKUXh6Vt2vMb1mNFVds4XqQ2BpozSTBLL66", "5/27/2025, 8:39:48 PM"  ,     1.0
   41, "5hHxp2uvJg7JyG6oMHUcneuiwY8HM2T4Kf2PfEtVZDRo", "5qRv3m3xfrpHQZsrNuoam78j7BZ5eWgzRsvkdRbrhK7W", "4/25/2025, 3:55:17 PM"  ,     1.0
   42, "BdpHetTcidNao9FEUdtu9uNu8WvGXauevLFXZQuUdvSD", "F4XJsyo3gfDfrLMNoC3q3jpTWzF2vx8ntVJX9F2PLj5X", "3/26/2025, 7:34:50 PM"  ,     1.0
   43, "8FPZwbd53q9wQbUGsiBdeALA7pwWxu91TcmS3rkw6oWP", "7KpfdgMiUCmQsAyeThZkCokyXWxJkVTdQsnFhKzMxzWN", "9/19/2025, 9:54:06 PM"  ,     1.0
   44, "DuLGyAtfki7PfVAqXhGeLv2UZiPeSAzVUukW4PSWiqEm", "F4XJsyo3gfDfrLMNoC3q3jpTWzF2vx8ntVJX9F2PLj5X", "4/9/2025, 9:43:05 AM"   ,     1.0
   45, "8nnT3PCsaHQpGE4iC3rsCCWiZHjq427uXAyaZrWWT1Ay", "GfFGHZkzwXhEmEc3rpP3n8ppmaLDAthZatHD5m6KVRBX", "5/29/2025, 8:14:35 PM"  ,     1.0
   46, "4HkwdCpSbK4ypbQS1rbZ9tbnKUTQcptQNDrWbZQ8xPhG", "QvRRjuJd3Uvw1AsMGcjMoV8HxQV1emXPBgyU5SniPEy" , "3/20/2025, 3:26:19 PM"  ,     1.0
   47, "AtngnETYtSWTH8Wat6xUYcQQDj2KQody8euT6H2wTvJm", "AVeygaa4gztnVhG21nuzsKUEvMfa59yDTm7cRR9UtVND", "5/28/2025, 10:02:20 PM" ,     1.0
   48, "EQef3pqYzhNf1LnoYAi65SpcfR6q1wcrv16RXzcWw5Nn", "5vwDBrnjUBLyjMnVBUvBk4uu2j8f2FvZg6rms1GDpPFi", "10/20/2025, 3:12:11 PM" ,     1.0
   49, "GTfRxhCMPe4mAhPN6hB74nJasBCEQduJLfx5MFV1GhyY", "1tQaZxvFucWnkcYN1VQddMeHwGb4t8gaJPf5aATPW8x" , "4/12/2025, 1:22:53 PM"  ,     1.0
   50, "4jcsnLYmaAakPVW2ZNbvpKBrTGHHTSAE7zQnqCEpjSFd", "737c6PrgUQ8NV6y7KFMjMFKhffecra4ErShLCnrbEcQ7", "6/11/2025, 2:39:19 PM"  ,     1.0
   51, "J4gKhHPWskrrqjWDexKWPWdp5M3mUKYAPWk68WvNzAbJ", "GFFuwHmXDXA3KUiiGhXkJTdiRyeJ5H1zWmXdXE592Z88", "5/29/2025, 5:25:41 PM"  ,     1.0
   52, "CGJBCM9GFc8yfAa9wbtziT4FmQ3NDCftEShwpJ6Mbe3c", "DdkPyie2bnrbEHyZcEQ89Lke4YtqWiMcKoQjuFBv6BBt", "3/18/2025, 6:47:48 PM"  ,     1.0
   53, "4XGTeNEshAK8ewEC8aXWvXytrD8cnmAQkbpaEGgRkk1p", "CDrtbW6FUFyrBFtUhDYVADbk6vdfkVoH3J6u2YjZv4b4", "6/7/2025, 6:15:36 AM"   ,     1.0
   54, "XKZpmT4LzCspeZjmjjBEbwy8HKfBYdMakUmZHEnaaSx" , "9xVvifaTQG5SMMvNbpLZj9zhkhmUXkgfV4AHyRne4FbY", "9/11/2025, 12:34:57 PM" ,     1.0
   55, "3Uhs3y6qL3hcgyHZZLtuAohuWWtYRXZTjpBDxEyv7mY7", "CYxrrpDtELXmP5u5CBSA2KWaWzov2VmF5aRFJdGRLuVy", "10/20/2025, 6:26:05 PM" ,     1.0
   56, "83wd93BkjJhkyZaF6XfHJBgxkFC4vnMia73Q7MhDATjK", "A7bqtNzjovurg8vKpTDqRBixaHqAhgkPj4JQhk6za3Tk", "5/6/2025, 7:16:53 PM"   ,     1.0
   57, "GpWDY3qpHBQBGLMQNYkXFajq9otEdDfHJ1xCLAVcECqZ", "5RdaUNW2qYMGhhgqUdWU2ojpPkhR7bv2ABfFQfvRrYJt", "5/25/2025, 3:06:50 PM"  ,     1.0
   58, "FzwK13DMfSCmHtzeBZyoLhgGWHAPfm75EKiiNUoDqiAo", "5v22cdd6wwYA6F2VLsjt9pW9heWx6gcqnyRYmXmzqA84", "4/9/2025, 6:33:58 PM"   ,     1.0
   59, "8fzYNAHZNKj3VPhExoJZm8rdKbRHYsMhLzwG28sPBU9x", "GfqAkS8ZkxLZ9TFUYM6pTJstneYcsZmdTmJmEZvj91oY", "4/4/2025, 12:52:16 AM"  ,     1.0
   60, "AordT9Z7gDCgy34i8ubwxocd6KGpCSY1dsM9usYfZFpc", "25gB9ajqwggC1UcQmR65cKSWF3sGWHDVou8WJULHiWxb", "4/23/2025, 7:55:55 PM"  ,     1.0
   61, "Gs2eNqJxDRwmJD5Gmh33PidyDNtnySkzLw5XeV2xVnwZ", "2hZPiiGQD2GpiDBoiNXXn2tDE9ftZZwR81zx6AghE2FV", "4/22/2025, 7:53:44 PM"  ,     1.0
   62, "D1kgcowoC2gz34gzGVRmiyv3M6fEk34dZVfzdDLzrnat", "2UzMNt8qcsXQpg4g4bN8kaTahgtjh2KrjeajedTMzQGL", "5/26/2025, 7:43:07 PM"  ,     1.0
   63, "DFsMmMAg5C6HLdbwYvUY3so2SkgvrNQcFkvio2r234n8", "A1sLAkk3b12bQKH4vmBz12XUB2nkqRmgVHGyXqbhCY6z", "4/4/2025, 7:45:48 PM"   ,     1.0
   64, "AYnvcG1CMGyBokia2hMzDCJ5PtGFCLHDzmcu96qWM1Cm", "9xXYjZ5e5v3g6zUmYm8RanQEJLxRCUPc6x72ERBLXqPc", "5/25/2025, 1:19:31 PM"  ,     1.0
   65, "4mVM7MVKPEbuWfo5sNeAs4oC8itCYq9EagBHX5yvj2QP", "7RAFuvno9tMcyAwM2q8npCgeYUhGkG7Ezr7ozhjeCEet", "4/30/2025, 9:53:47 PM"  ,     1.0
   66, "GR1CLyoVumDtHENyfdGcLVXMWn9mWwpeqYEyXiGYUm2G", "9RcEhkPUgqgh5qMBabdBZZnRGD7uvkANE4kdtEH6pGkV", "5/23/2025, 4:20:02 AM"  ,     1.0
   67, "4mdmbePoBNWBJVBq69DeXjdeoTZBfi9nWWmeCzKcyfpq", "4WrU8MtaA3sgNyqUzvXqDb2VW7dvwTF6P9tck2mAGAyr", "5/26/2025, 2:22:18 PM"  ,     1.0
   68, "GZfrtt9xcYxrANjkBxyCMPSdYdrCe9hNF47oBs7vh9sB", "2ifRSPcDgMv4NVCQLUpBsuAgkxGy2ap9vrR5bVFzZUHw", "5/31/2025, 5:58:14 PM"  ,     1.0
   69, "E3iUC5N7BwYey8YiY1P7984f7RhZ33QdGznUanFUPXH7", "52LzNBzsruwZYNXs1zAysHdaCXpazey7NuUgv2w74hfW", "4/30/2025, 7:51:50 PM"  ,     1.0
   70, "BKz3VEhr58XGDJZf2EnHg6VcwAVHG9hSGoX61QrpcPBx", "CDrtbW6FUFyrBFtUhDYVADbk6vdfkVoH3J6u2YjZv4b4", "5/31/2025, 8:02:08 AM"  ,     1.0
   71, "FQ1ryXDRNJBkvDWarfMAXBrc34vQzHsEF6CzNe6iP8vp", "CQqJ7RVn59ke81LZqm7BGPWtzCdUWoRcJ3FPQRAbeVG7", "5/29/2025, 2:02:36 PM"  ,     1.0
   72, "GQa1gq9H45Gmr1DbZAD7ezd476Y9cPpg2LTn8nbmxLWz", "7RAFuvno9tMcyAwM2q8npCgeYUhGkG7Ezr7ozhjeCEet", "4/30/2025, 8:58:03 PM"  ,     1.0
   73, "DTZWcVBqFzPRReQcuMUj79MhMa5mmrE64vCKDG34HXxg", "E5vZTyjVSctbKYzCUYrhUBbfZ7kLV1zTDQzpCJMwvczU", "6/7/2025, 4:34:34 PM"   ,     1.0
   74, "5ZCLLhzKjdiU1vHpDkW3LmYNJFkyTu3D5AMixGSFbZmM", "8cAvaeurhBh3p9t7YZWLrHYbEPJ71QdwkoRLR96MT5eG", "5/1/2025, 2:46:11 AM"   ,     1.0
   75, "5ybmUwfvUfG1xvNqVorfeoZoeWc1fEmAeuftLmvQzHWv", "2hZPiiGQD2GpiDBoiNXXn2tDE9ftZZwR81zx6AghE2FV", "9/13/2025, 10:02:15 AM" ,     1.0
   76, "A2kNos5FzpDHusHYS2SbKLb1sKKyi3go7LBHY18p1nt" , "8JRsjXe9GKtv1mc6nAhwxu1YtRLJXa6hweD3HzEHt1yk", "3/20/2025, 12:00:30 AM" ,     1.0
   77, "74h474xGaHCeJdofjdGU12oNuBYf8oQRvBAkReQ2K8L6", "5vwDBrnjUBLyjMnVBUvBk4uu2j8f2FvZg6rms1GDpPFi", "4/24/2025, 8:24:52 PM"  ,     1.0
   78, "GJrzUjh1y8s8KU8rDGAioZwC4KYmE7EZcXErJQFBxZWi", "DWxrW1aXoEqG8J65B1vzcCj6smLN4KUXbyf73xFDq8KX", "4/26/2025, 5:22:40 AM"  ,     1.0
   79, "3cY9NgMa6f8FqT2F5YH6n1345y5ysgsZSCMEhcz3GnRb", "6noLxBcypJMMp56pgYo9CiP9g7sbTekR4psR47wqQzLi", "5/17/2025, 10:52:43 PM" ,     1.0
   80, "5YJv9VfoY23912g4HkG1A4PmhUVFiHm8ZcNBDGXE31N7", "9DVdYWUfQ46TP8wiLMqstZ9MG9sknH56M6FxPxeJVei7", "5/31/2025, 5:54:49 PM"  ,     1.0
   81, "4PUtNA8JsxWuigYbkZ6MMvTz5QDzR9QXuf7mSbti14c2", "ALw4JWV7N6NK6xoEAJ6mv96baPZErCFZjjoVTwNtVudw", "4/10/2025, 6:03:17 AM"  ,     1.0
   82, "AF1nYhMBVyh644Cnf1UihiNpjQAZCiuLmpBzAHUHUjAL", "32whq39Xxe4NryK9a3XW6V2Sj9GygTxC5C8iFEyWDoVJ", "5/11/2025, 7:20:46 AM"  ,     1.0
   83, "5FTjEc9cunjqonYAXWQgQBWAQNJxuSjUHQJsfkgqxybG", "DWxrW1aXoEqG8J65B1vzcCj6smLN4KUXbyf73xFDq8KX", "4/19/2025, 5:47:53 AM"  ,     1.0
   84, "X7CduqmTf3To8btcCuKcUwJBTsxr5oSH84n3Jg5pzLu" , "4WrU8MtaA3sgNyqUzvXqDb2VW7dvwTF6P9tck2mAGAyr", "5/26/2025, 5:16:12 PM"  ,     1.0
   85, "EWH3b7BTCoT5tUycGjsx9D6w65ZRmrYjnq7pe9YHzHLq", "6ryjxpQmF9KMWHNDBjv9Sb6Mr7779PnLTpcN1zZMpL2F", "4/4/2025, 7:35:29 PM"   ,     1.0
   86, "2Xw683jW9vErbksnujDDE5FkNeJTdFM94GHpqGHfy4bH", "CWSYCvLMkpR8c5KkC45GYPE9X43WhWy63tC4qMzWZ1pB", "4/9/2025, 1:41:08 AM"   ,     1.0
   87, "3VzP3kig5KGsbjSQMor65fzbfCcUtFHeDXs4u8KGsyVx", "3WAokaaTYnG7f89gJ4LMjKsnguBUTcN13zmtLqobScd8", "4/28/2025, 9:48:09 PM"  ,     1.0
   88, "BJpfm26wMhL7uJzznHLpnMXC74kb2GDUgtrjzrqPX4NT", "BFpBuFtY1fSaPeoZsPSW5vLHvoD95v6pcBs8bTFdVPNS", "5/25/2025, 7:40:57 PM"  ,     1.0
   89, "7qquGLNSQpXiR1cr8HKeZ8auRAoT2pqtFxYhVnSieLZN", "HsJoAHpAb2bWXYuw6L7W4P5SDK342mZCq8Jjs9go9Mvy", "6/5/2025, 10:20:18 PM"  ,     1.0
   90, "HjeRsvpPX4CnJAXW3ua2y1qrRA7t9nf8s4dYgJnavQnC", "9GaaXCbtbEZKEriByAdRAnFtwTQa1eckX3SqKJajFPwm", "3/18/2025, 6:38:18 PM"  ,     1.0
   91, "8cJCY4hbA9ZndcpRf5fLKzoGcarvRmbYRnhVs5uXnKQe", "DD2duUz6fMWrZUcuWjN73GHQxBw3eMMEeUYzUkDXNKWf", "3/25/2025, 6:23:12 PM"  ,     1.0
   92, "Dy8ssCKYydJc3b64swrfLP2Yeiv6EpjJRzd3roPoFXT2", "FgakVGW4t83N6uRCfX5FUTghkoVCEG9R8kjHhbYtofPz", "5/31/2025, 1:45:10 AM"  ,     1.0
   93, "GBo81drSDfgE6Q22nGc9NbfzBF44UeJpgAq1qK4ZPRmq", "3bVJ29pUu4hL5sf8PGsvX4h5VMtyX9W57CDzPAj7hpQ2", "5/1/2025, 7:50:58 PM"   ,     1.0
   94, "A8vm47SkQ1MwS1MKgY8qnjoCwNHS2dPbTHcJXWRvgENn", "6yonVKP6m3qfSVkGJ8eXpvTserS1Xhweyabg5zxPULBA", "5/25/2025, 7:42:16 PM"  ,     1.0
   95, "DYogpF6yigicxwfHqrmF3T3L2ye2s4neiBqN4H1ZPydJ", "9o4JzeCRkcgMaTJUyFZwaLrKr4KEFmRqGbfYPPY2Du6q", "4/15/2025, 3:30:54 PM"  ,     1.0
   96, "7Lysd74bi84C5ZFS7ibj4WB6srKfvGAq1B6e7Qv4j71i", "4tNbxJ5kv93ko2LCuV6F4TYURyqNHfZ9j6ADiCnN83vN", "4/2/2025, 8:10:39 PM"   ,     1.0
   97, "5RgAQwFuEkWZbmhoBmC9VHG8sDbPJcZvfN6EiZZLWnW6", "Ah4giGb3tCGsPBTe7Ec4T3RaU5F1PNdx2TEeQxiH8CoT", "3/18/2025, 5:39:16 PM"  ,     1.0
   98, "GDNtYmLce8iHpmmSG9M4QaGD4xBxyEBDkpqcoWiZgADG", "9o4JzeCRkcgMaTJUyFZwaLrKr4KEFmRqGbfYPPY2Du6q", "3/27/2025, 4:07:48 PM"  ,     1.0
   99, "FKzGCDqkJCYm7e2dmUQitStYXzbDNcLaTxgFwKhSX7dN", "Bxg2ptrTeUwsdAVgFrMu4GMrjFU6qV1BnC34RPwH9BJp", "5/4/2025, 1:06:59 AM"   ,     1.0
  100, "87gyhnKRxWTY1mowkwixMZdhu4K1buRyLzBi7wG2T4P9", "4Ud8eU6dR6CGGAgrTJB2aVrsf3bce7eQyDZ1gRLTHNcn", "5/16/2025, 3:26:05 PM"  ,     1.0
  101, "2FrB4NYAeMDu16SG2nbigc1xEunRy6UWWgaqV9ss6wGt", "DrzvC5UygToA3wfCNdr42mVNrw5dPadDuimAhQ2ek7Wp", "9/13/2025, 1:47:43 AM"  ,     1.0
  102, "3p18yZHfRUggRRkjpGxxbFJLZmeL3L9Xs5sSAUkrweRV", "HsJoAHpAb2bWXYuw6L7W4P5SDK342mZCq8Jjs9go9Mvy", "6/1/2025, 9:55:08 PM"   ,     1.0
  103, "7UNK4pm7zziAUz8XrnfxeS5z2P4aqyq6b6C2pWjMEWF9", "GHNBtTSqaXmqMz6FzkpaxvyadHHV5M232hLJYjAGChPB", "3/20/2025, 12:40:33 AM" ,     1.0
  104, "3cbZ14UNp358Zs4mWDDSTGNKepbdvUgPEdWw5jjaruQf", "1kbN95whs6ANM4DCpM65BugzWYczsSvrEKnCbAbJCsT" , "3/26/2025, 4:11:20 AM"  ,     1.0
  105, "BpyTXAh9JR9E4gwVYpj4YT39YASSWeQdBdeEcSA39khq", "737c6PrgUQ8NV6y7KFMjMFKhffecra4ErShLCnrbEcQ7", "6/9/2025, 6:59:35 PM"   ,     1.0
  106, "8bb2Dpxvr8Poa72hdxwmL9dLFDUSqA7aVfnDBufAYw7S", "KeDctUqAjECBp8iMFXQZvjrn5BCJfWd1NXniMZofEDA" , "5/16/2025, 4:17:47 PM"  ,     1.0
  107, "CARBzqr4m6HLoKQkkUfwVFf9SRzk1UY3dk17UzAaW48H", "5vwDBrnjUBLyjMnVBUvBk4uu2j8f2FvZg6rms1GDpPFi", "3/27/2025, 7:31:26 AM"  ,     1.0
  108, "7UMjZoSQpFY2QYq2FxAAFLyis6D8wrtnuGTPh97iWnXv", "ARRoXF1W227Z1ibjD2bWyNFo6mH2zpGo9JuGRztbA8mJ", "3/21/2025, 11:56:36 PM" ,     1.0
  109, "HuZRcrMmG7zavc6TXCbpSLkTkCJnxYHZYJvqNeCtiuSF", "7jL1m48kKn1ofopJyqRSyLDdKSXM4zVzrqNS163iyPvu", "3/25/2025, 10:20:14 PM" ,     1.0
  110, "TaHTLsCDcYrWZgwSq8tcaB2qaxGocrwu16SDEKKoezV" , "9DVdYWUfQ46TP8wiLMqstZ9MG9sknH56M6FxPxeJVei7", "5/31/2025, 5:56:04 PM"  ,     1.0
  111, "4HJBsZ7Ci9mPS8G852d2cbTKwP6sF8mMq7K7N1FUA2eT", "4WrU8MtaA3sgNyqUzvXqDb2VW7dvwTF6P9tck2mAGAyr", "5/27/2025, 6:12:25 PM"  ,     1.0
  112, "BeBSTk3TqqciC8LqCp273EszjZLiv7wPuXMx572B24d4", "4fgYGi7hKQrs6B25MZN6TrXTjMoKJqv15xqrWJXUEhVy", "6/2/2025, 2:30:37 PM"   ,     1.0
  113, "7UjrGX2eKRZwnVE3tJMFgySvTzXh6THaiGhynS5ra6bi", "6GRijKxntJKUXh6Vt2vMb1mNFVds4XqQ2BpozSTBLL66", "5/17/2025, 4:22:45 PM"  ,     1.0
  114, "612gK1MFHHb3vgUEQaJic3ngVANGfWezJgkM2yQLLAog", "DvvExJpeby3KUVR87zJbJ3LUe4PFv479vVXdjHcXVasv", "5/10/2025, 10:23:47 AM" ,     1.0
  115, "BcEvo9sWXTJZuxh8sbnEu9jeNMzcySstMkrvfVig88v3", "2UzMNt8qcsXQpg4g4bN8kaTahgtjh2KrjeajedTMzQGL", "5/26/2025, 6:49:40 PM"  ,     1.0
  116, "5ym6r1E4e7ksgwxSUi3kUbTPJ5hJnSxiMg4tK23JVBb7", "F4XJsyo3gfDfrLMNoC3q3jpTWzF2vx8ntVJX9F2PLj5X", "11/29/2025, 5:18:00 PM" ,     1.0
  117, "5dkCbBDsWrvHQtcRAr3C2a3LSGoVe22ar7558oY4JxYE", "4Ud8eU6dR6CGGAgrTJB2aVrsf3bce7eQyDZ1gRLTHNcn", "4/9/2025, 12:55:59 PM"  ,     1.0
  118, "RNtGvNwFU13eAgD2gKvcwQDHHTdgUCMxupMwEsrKevH" , "62NsQjsRm7uwQahzWttvBxGNsz8HK34gqiV2kCrLW9nt", "5/31/2025, 2:14:25 PM"  ,     1.0
  119, "3nq1aGdCEKGZqiV85CvC7wyTkjsxonET8KzE7DudE2Q3", "BTGKNXvwC7Y2T3U8PHRrf9hF2uHbfC16cyJaEgaUkaNs", "4/5/2025, 12:30:34 PM"  ,     1.0
  120, "45Att2oLNqewT7ph6riNsYAwZuTLjtKUJS7Ht2BGWqZm", "HsJoAHpAb2bWXYuw6L7W4P5SDK342mZCq8Jjs9go9Mvy", "5/19/2025, 9:30:42 PM"  ,     1.0
  121, "GSejkQFPnwxpK8RQTVqLd3dLFtPZ8eevGWSCuJFpefp9", "CYJpE1GmMN9oEKHBRWYC5DSKYkYNK2VJBbogXi5MLFu6", "3/24/2025, 3:22:16 AM"  ,     1.0
  122, "7T4zPNNDAT7rwkQ6Rf2QyMvLwowQ4KDSxKRXF9qEtYvR", "5DrfPm15VwRPh6aZ7aZ22bsPj7jSWAWrCjmm13H9tosW", "11/5/2025, 7:47:36 PM"  ,     1.0
  123, "C9xtezTAuvMRBZowpbdEkbsZ2tppjTvMd5yzikLYP381", "1kbN95whs6ANM4DCpM65BugzWYczsSvrEKnCbAbJCsT" , "3/26/2025, 1:22:36 AM"  ,     1.0
  124, "5jqDRvDgR86wMQhACF1jzTYkbRaL5WP3Y4trzEu2H8GA", "CYxrrpDtELXmP5u5CBSA2KWaWzov2VmF5aRFJdGRLuVy", "5/7/2025, 6:47:33 PM"   ,     1.0
  125, "7gVyZzXhbwPvjJkijcUDdWfdaCPYyrrJKsHrRzRenGch", "3gnisfmyxw8Bch1SHZZ16UDtRG853vv52sPb726jgdbu", "5/31/2025, 12:36:13 AM" ,     1.0
  126, "E6xcDhyHDVBVeMWQyHxuT2Yr9L4zR2iFEHEHYiyCn27h", "HF5AxfgmejrRBg6rDkEkEETdEfJEctFPnufNyozjLsnW", "5/27/2025, 3:20:57 PM"  ,     1.0
  127, "3HWbVYXqwpHfSGveEax8dYyjAkfRFMnWL4if5fB7iesj", "2ifRSPcDgMv4NVCQLUpBsuAgkxGy2ap9vrR5bVFzZUHw", "5/31/2025, 5:59:33 PM"  ,     1.0
  128, "2JHPTQWYoMoneWRD9cnXW1JevJooeNoXSRCNV9U8ErUr", "5mkdjWFudxJTJFacpg1skwSqPhZC9LMpfMGYGuPww4sq", "4/18/2025, 4:30:30 PM"  ,     1.0
  129, "GCcv42psMJCTYnwT5UsD4A1rE8sXmRnpGLTioL6T5k5k", "5v22cdd6wwYA6F2VLsjt9pW9heWx6gcqnyRYmXmzqA84", "11/18/2025, 11:29:28 AM",     1.0
  130, "8XSJYVmDhqAVrRw7b2MJkTToQ9sm8A2gE6wnHaZKhtw2", "52LzNBzsruwZYNXs1zAysHdaCXpazey7NuUgv2w74hfW", "4/30/2025, 7:16:32 PM"  ,     1.0
  131, "DSZfbeHPQ62woiPZesXCivnMVYxhxpSEd8tjTfKBzYhQ", "8Kgoe2w92aQLjb9LHbaY4fGc6ZdoQejCYt4k2cgaVUEz", "5/24/2025, 11:37:44 PM" ,     1.0
  132, "ALY4mB2XANbtnuxd7XGRsvFhsnLkHhyTtTNbbtPNLL3V", "5mP2DtHmXfZigNQLFEwKwkoFmfz5KMRXg6yUHfj96bgn", "7/21/2025, 10:37:50 PM" ,     1.0
  133, "8BJTxVRS73MUKRTXTmgFGkyzM6K9PREus1NJXEYfajDr", "5v22cdd6wwYA6F2VLsjt9pW9heWx6gcqnyRYmXmzqA84", "4/10/2025, 4:22:59 PM"  ,     1.0
  134, "v6yyazCPbPWnufAwovYNbPPEaUqdg1zvPtRcV26G6NQ" , "Weur8GgZKNRaTnNBr4Tv7QcUcLJob5gjy4f4dJnFNuH" , "6/11/2025, 6:29:00 AM"  ,     1.0
  135, "ErLHKpaYMyGfRd5rq2F27Bb6s1zwXE78HHdyJ6ccXjbs", "82m6jkkfcGSZrbLBvLKttxXdDT2MEH4EdYNe7nHqFoJP", "5/28/2025, 3:42:54 PM"  ,     1.0
  136, "7cuRcs14otE81u1ViehN6dvkE1ajZZLhvYqGeinAGqf5", "Bx1aHrYYhrqKAHkJZE7qrbEBHX43LBKgsy3aBwu2h1Zr", "4/16/2025, 4:47:56 AM"  ,     1.0
  137, "8XL6zwDiU6ykuGyVWb6R5BfDN4jToHEfyZdQHjwsadSA", "FH6GhMWQMxRKhqtuKb2Uxs5sv6dXkfJ59QtWZhXb6cMe", "3/24/2025, 3:00:01 AM"  ,     1.0
  138, "76pinviivrGdJN9w8RaHLSm1REYB3QXwriaruHF4yHWB", "BhwBYNG7TwUBm6W2t38ng8BjKJRrUG7d785bW2NnUZdU", "9/17/2025, 12:01:10 AM" ,     1.0
  139, "F6fxX1e7HbWG9Lc4mMbiTUT6JAKptureKaiU5Qxy9i1X", "7KpfdgMiUCmQsAyeThZkCokyXWxJkVTdQsnFhKzMxzWN", "9/19/2025, 10:02:17 PM" ,     1.0
  140, "AsiEBUFkhDh7igEKbb2D5PNm6buFGuGFYG3jqTi86231", "AUcUztugteKnsLbjseSsAk8kgPxEXArv8uwScYgPBJMV", "5/26/2025, 4:26:35 PM"  ,     1.0
  141, "6Dcj4dKp2NHRawgyzDPjJ3kzbN4iy3tE6ZSNFckw77pD", "EDvQNtVLGjYnW9qF9uc3GVjcyLMBPWBb6JiwmYLzTckj", "4/26/2025, 3:17:10 AM"  ,     1.0
  142, "ia9XYTtcowCfGrzKeCzdcz5gDpPw5fFvBrzDxoFs2br" , "3E1MAZzMV69yXwtZFy9cSTSByVMXGCSasitCNtRX5UxT", "9/26/2025, 4:47:28 PM"  ,     1.0
  143, "E9UW697xb3TEomCzcHAJHmkaqdYQfexjUbGV4qajRmkD", "7B685ggKDUTohfwM8vBVF7HnZveuY6myQHjzBtkGrK8C", "5/31/2025, 1:50:34 AM"  ,     1.0
  144, "4aaoVTC4XNHtfpVhSiBEwWisqGi2RWL33QbAH3ckEJXB", "AUcUztugteKnsLbjseSsAk8kgPxEXArv8uwScYgPBJMV", "5/26/2025, 4:12:26 PM"  ,     1.0
  145, "8PjjPkizL4JZ54sPzNdXP99XyegcXrayv7rpfAY8EdzB", "CJsVULvkQ9Zgf6iaEELncNYfVQUYyUaABPpfDSEGhSQu", "5/27/2025, 9:28:51 AM"  ,     1.0
  146, "S1YiKV8Hcb1VfuLREDbVDmxhNFqRTAp4EosCMZQvb4Z" , "9RcEhkPUgqgh5qMBabdBZZnRGD7uvkANE4kdtEH6pGkV", "5/28/2025, 2:42:32 AM"  ,     1.0
  147, "Gd6poXdM3wKuM1ayv7njZbqvZr7QyF4uqPZ8PEke54bC", "737c6PrgUQ8NV6y7KFMjMFKhffecra4ErShLCnrbEcQ7", "6/11/2025, 2:45:22 AM"  ,     1.0
  148, "qnH2P6rdGD7BmR2nJa4yVCVvJMDcAza3pduzNYuAyKr" , "GFFuwHmXDXA3KUiiGhXkJTdiRyeJ5H1zWmXdXE592Z88", "5/29/2025, 5:37:07 PM"  ,     1.0
  149, "3GTEaGQLm7d62fERHHAyCwsH2Cc1DUN1aLx7zXhRFrVq", "CJE9zLrYGEwXBL8njJMMCojazCP88SamfAJuGvti4sta", "6/8/2025, 10:14:42 AM"  ,     1.0
  150, "6SH89WAZne4RUtgvn18K1wHhTYujX7tYF7yiD37qvLFf", "DrzvC5UygToA3wfCNdr42mVNrw5dPadDuimAhQ2ek7Wp", "9/13/2025, 1:42:29 AM"  ,     1.0
  151, "C388KaQY4EpEHcKutHYEMRx2a4zDZbLqkCQ4DdZENxvd", "KeDctUqAjECBp8iMFXQZvjrn5BCJfWd1NXniMZofEDA" , "11/29/2025, 6:00:03 PM" ,     1.0
  152, "AWmawUWzdBo4HR7J8hks5zrFpNj6PpTCwirGUb9GQuNn", "5yWDStcCB6DSGm44ixuQmu9GV1Aht8WhSCuKzth3tDQG", "5/30/2025, 3:44:54 PM"  ,     1.0
  153, "DJ48SPmf7AkFmt1oWEqyqQkAziwMGMPFBBMhXcNit1D" , "9xXYjZ5e5v3g6zUmYm8RanQEJLxRCUPc6x72ERBLXqPc", "5/25/2025, 6:03:25 PM"  ,     1.0
  154, "FHcQdejQ8NncaSGQ6j5zrUuANxdVjnkDnLnwQPJfLLfL", "GHNBtTSqaXmqMz6FzkpaxvyadHHV5M232hLJYjAGChPB", "3/19/2025, 2:18:33 AM"  ,     1.0
  155, "Cncj9NVQCGVhW6j8pxBJz1tBDAVJ5ZFMdYWAcZxAk8BA", "D7Tm6P4XoXn9d4Ye63JbhyzZrdeR3Pr2aivbweH7G9u2", "3/18/2025, 5:31:30 PM"  ,     1.0
  156, "5j7VjXN466RiQnW84pMQDKHkEqDBpMv2HJh3RTtDbrFU", "6ryjxpQmF9KMWHNDBjv9Sb6Mr7779PnLTpcN1zZMpL2F", "4/4/2025, 6:32:13 PM"   ,     1.0
  157, "GdBFxawSFFet8qm8SjMoAmXzTRNqXwuT6KCs69vSbThd", "5T1kqHzi9K7gHJYTaAWYcoseTKWCf2SHaF41XcqFZwFh", "5/27/2025, 12:45:10 PM" ,     1.0
  158, "GRWqE1D5yaPA4o35rUeyNt8wz6SB9cvscRL28gpgh5gA", "3dPCAEsauKtb8ddtdkc9YJ1DDXstAz8JhJXu3t2uTFJo", "4/13/2025, 5:48:51 PM"  ,     1.0
  159, "39oZfP7VQbepDxXUz3g7sbopgxyHWzzmk7WYbfLtjP2X", "GfqAkS8ZkxLZ9TFUYM6pTJstneYcsZmdTmJmEZvj91oY", "4/4/2025, 1:14:05 AM"   ,     1.0
  160, "F5zCNTjGPn8gfDEu9ppgNYLBafqSExzA68MfgHAYoF81", "CX4zzw3JoQLcYCS9KHQRpYY3hi9zhgSkAShVPRFRLixB", "4/27/2025, 4:42:40 PM"  ,     1.0
  161, "AQS4x9mAEBGrm3FDiwGKVYPJBHb5WYsbe5qxUKYS9Zqy", "7gzTGKBK5ExmApuFoqF7bUDzfSQaEDMeHTMn7SEkGfJx", "6/5/2025, 12:29:53 PM"  ,     1.0
  162, "A4zDZUsN4ew4eTRM9rP7DN7couQfPG8Kp7keu2RTAXtc", "G11PHt2jcykaEjx3LhXUQWgznhbsYbjNAix9XqPLJ9kx", "5/1/2025, 10:39:48 AM"  ,     1.0
  163, "EHwNg8NA4Juk3DSzkeZtmWQAM6NZNrpPvCoK5qNX6zEV", "9Hvgx71kAYj4kijCmdfFysN1bavtzpQtXDpSSxph7D6Y", "4/16/2025, 11:16:22 PM" ,     1.0
  164, "2MxpDSY1pnLxGabrZQdNrdUr7fYi6CnBCZSK4MpXDMcx", "9xXYjZ5e5v3g6zUmYm8RanQEJLxRCUPc6x72ERBLXqPc", "5/25/2025, 5:53:45 PM"  ,     1.0
  165, "HRfbUXFwqiec1GSTctRNx6eEsrrXJL3T8qd3FmZVdo5x", "6bVutitV5v6qqE5pds8DD4jTVQ4jpbxjV8comt1eb6j4", "4/26/2025, 10:09:29 PM" ,     1.0
  166, "Ex3n3PV4cGyAfLaNvqkS9WYFgWnDSgcXxP5NFc2tEwiK", "3gnisfmyxw8Bch1SHZZ16UDtRG853vv52sPb726jgdbu", "5/31/2025, 12:34:45 AM" ,     1.0
  167, "HFSR2u4U4KaLhYsDqMD2m6rrXxmn3GA7o2edCfHunoW2", "9xXYjZ5e5v3g6zUmYm8RanQEJLxRCUPc6x72ERBLXqPc", "10/26/2025, 3:23:34 PM" ,     1.0
  168, "HoAsaKSWFg7fELdCiiwvT48qFjRLagKVRvdQJXZ9o2XY", "3gnisfmyxw8Bch1SHZZ16UDtRG853vv52sPb726jgdbu", "5/31/2025, 1:50:22 AM"  ,     1.0
  169, "27V3s7gCKHiACfNHnrnzr3HZ2ogQLTeWoiWCxMzxjy5T", "EL3HLbySJgoD2MDZFJ2NMfVoTi2VWCNC4yjtPyzUbM8G", "4/9/2025, 6:26:45 PM"   ,     1.0
  170, "9ahc24Lek84MWnWXfog4v2FKVCtDsPnPUeMDXhrqHbGU", "7gzTGKBK5ExmApuFoqF7bUDzfSQaEDMeHTMn7SEkGfJx", "6/5/2025, 10:26:11 AM"  ,     1.0
  171, "H7nJFPkKhQzPCtsz81Q7SkM8Q8iNaMvZ7Qfu59ZVovDu", "ALw4JWV7N6NK6xoEAJ6mv96baPZErCFZjjoVTwNtVudw", "3/26/2025, 4:38:04 AM"  ,     1.0
  172, "DGQzctAVF7Becf19NUpDGpJj4xjgmVd2hY1aQMt22Vid", "6bVutitV5v6qqE5pds8DD4jTVQ4jpbxjV8comt1eb6j4", "4/26/2025, 10:12:02 PM" ,     1.0
  173, "EjyBTxCBBXdtBa8DmyUWoD6f1JGJ5J3sdcDQh7tCDHwt", "1kbN95whs6ANM4DCpM65BugzWYczsSvrEKnCbAbJCsT" , "3/25/2025, 9:17:47 PM"  ,     1.0
  174, "HeYMATQMHuFwDBbJqmwu5PHB7zx2GyhaN3PiCw2w35bc", "6yonVKP6m3qfSVkGJ8eXpvTserS1Xhweyabg5zxPULBA", "5/30/2025, 5:31:23 PM"  ,     1.0
  175, "HtqqnUuGSM21C2PNQLDjevcmmGY38CupNAGWcJi48pr8", "HF5AxfgmejrRBg6rDkEkEETdEfJEctFPnufNyozjLsnW", "5/26/2025, 3:01:12 PM"  ,     1.0
  176, "HRhouD2SLvGLUCVNP83NZSekMqL2d8D6sLvZQNoJrxmA", "7iYaj6nuiKoVGiGzaF5ys4igwziCT1H4mYNtfFVHc2wX", "5/26/2025, 7:54:00 AM"  ,     1.0
  177, "Gknb28H1JL8DyL9RkSshkS8UxQhKGJLFdtfybdtUXc2E", "6MsAkX3H6CnLd5gpzxEGmik4NDyjcMfiRcoRtDPihtMj", "10/8/2025, 3:24:36 AM"  ,     1.0
  178, "GYWtEasP7YNfvk1V8VieEGWEJ7hYwUeptrAPrsw2x43h", "1tQaZxvFucWnkcYN1VQddMeHwGb4t8gaJPf5aATPW8x" , "4/10/2025, 7:00:02 AM"  ,     1.0
  179, "81LxBcwxpdo7va7AZYkWahWt8mo7yxtwA58qWoXhdBJW", "3Y9GhKLSjfQykSk3Nkgp1dnhbb3xt1oX2Riv5KrXWhjJ", "3/27/2025, 1:01:36 AM"  ,     1.0
  180, "DN137GTioZjxdLqXDbWYZkisSNrB5erD3BFTM3Jx44Dt", "CWSYCvLMkpR8c5KkC45GYPE9X43WhWy63tC4qMzWZ1pB", "5/21/2025, 1:03:51 AM"  ,     1.0
  181, "6kiVh6n3nK2vZAe7n9fcxGmLvKLRYRBunki8t898aJQX", "8Kgoe2w92aQLjb9LHbaY4fGc6ZdoQejCYt4k2cgaVUEz", "5/30/2025, 2:05:40 PM"  ,     1.0
  182, "AEeXoa1d47hJLycvaZtrdgSxv8Up18jrY1sPpYKLb4t8", "7KpfdgMiUCmQsAyeThZkCokyXWxJkVTdQsnFhKzMxzWN", "6/21/2025, 5:31:29 AM"  ,     1.0
  183, "9dFZHYNg89RoKfccGJspm62Za2K7dTDd6fmmgTG3p2Sa", "8CfQfALxt2q5oFC2hTWpNLcYqBQ5omgL7kFsoQdYo7Qy", "6/9/2025, 1:35:32 AM"   ,     1.0
  184, "33h5JDCQCRdPmRW8faY2KBsKaH5AUa9LszzxSzNaXuuM", "EVYULMCDSzmCqy16D2b9gw6X9MzQmneiyJVLxKdNLHat", "5/20/2025, 9:05:24 PM"  ,     1.0
  185, "C5K7AnTgVhZ2mvQNRrwJ16K7Fq5E5TCuTtBckg8vP1T9", "7RAFuvno9tMcyAwM2q8npCgeYUhGkG7Ezr7ozhjeCEet", "4/21/2025, 7:19:14 PM"  ,     1.0
  186, "Cfbha3M6eBpCBfZAVadt9eMGWBcbn78ePcEAHSHyGCY9", "2hZPiiGQD2GpiDBoiNXXn2tDE9ftZZwR81zx6AghE2FV", "9/13/2025, 9:52:14 AM"  ,     1.0
  187, "Dg5Djdb8w4HAAxeVvHLgQf2GeKDBEwmGmxsfM9JNMFe3", "CANAXULnruUcijxgpvYve7RogAtzUuoeU9cVtANwiFTh", "5/28/2025, 9:39:12 PM"  ,     1.0
  188, "5EnxQ57qzzqiXSuY7BbCXLucKevqZG4cFbnLjnVztutY", "9xVvifaTQG5SMMvNbpLZj9zhkhmUXkgfV4AHyRne4FbY", "3/25/2025, 6:15:07 PM"  ,     1.0
  189, "F9eCzVeSGXSdXqbhY3FmTNQFoGgHvwmPN2LTtnFXRxD2", "Weur8GgZKNRaTnNBr4Tv7QcUcLJob5gjy4f4dJnFNuH" , "6/11/2025, 8:08:25 AM"  ,     1.0
  190, "HKtSJYfxo4VxcyEZERELdebv2uoLPtDq2hyLKtSq1wtG", "8Kgoe2w92aQLjb9LHbaY4fGc6ZdoQejCYt4k2cgaVUEz", "5/30/2025, 11:58:46 AM" ,     1.0
  191, "2JTnCX3Y6Y4hYDak9zUmF6c9noSqkJVHrKqysx6hMnwZ", "BgVsk752szCoQh9vKPr65yFNz7Qgj8zBeqMR775Ky8Ev", "5/29/2025, 10:47:38 AM" ,     1.0
  192, "6hNpdshq9w1m2D7YwYgWHgtxyhSmwbTAhaddCbxkhqj6", "68jGBZsX3LwZWKwMmi2feZNvMDeANRMwsHAHQRHN5YJP", "3/30/2025, 11:06:29 PM" ,     1.0
  193, "541x4yoEytv63XmSyg51VS2HSF7nRVJxim8E461uyMm1", "Gq5rBmtNkjvqdTog9h9bTN7FeP5Qxr7i2rTbcY4Tj6Le", "5/29/2025, 11:18:06 PM" ,     1.0
  194, "3uXU37DsaVqZ493n7zbFMD3SCAHLguAF9EkUtU83Mm9X", "7iYaj6nuiKoVGiGzaF5ys4igwziCT1H4mYNtfFVHc2wX", "5/26/2025, 10:25:18 AM" ,     1.0
  195, "Hsxoj9aPduSWZmhhx4qKQofgVGKWKJfUnNbH3eidGgY6", "9VP25vxUbKmzoMQvkKuWAEX9fX4p2vaMWovoXWkLEPaB", "5/23/2025, 8:11:48 AM"  ,     1.0
  196, "GCUaRu9NpPjWJczL2nKFa4Mv6PKA8e5i4s3qzFrqye6s", "CNkQsvz8Z5jLYz91hg2BruR39hWYK2SaaH39vdophaMY", "5/31/2025, 3:52:22 PM"  ,     1.0
  197, "4xn5Arybc42d5zmrWAQLc7Y1pWQcParCAxAubUs2ejzW", "8cAvaeurhBh3p9t7YZWLrHYbEPJ71QdwkoRLR96MT5eG", "5/1/2025, 2:45:18 AM"   ,     1.0
  198, "D4gKdHqyUFL1SjmZUTRoCmmCJHpP5CQAVKdyZGsHAGLK", "236gasRhfMs8wTZF5yCWURTjUqRBYahPzHYEj6EdUEe2", "5/21/2025, 8:12:13 AM"  ,     1.0
  199, "HRNYZVibPfUDmSkBZWsgZPTSg3UfJZ7DhcydzHFqm7Ch", "7gzTGKBK5ExmApuFoqF7bUDzfSQaEDMeHTMn7SEkGfJx", "6/5/2025, 12:03:38 PM"  ,     1.0
  200, "CxqdcsmVQFWanPvbYMVKBC9LTHgUnPiZW1xB1WSqhQ34", "BgVsk752szCoQh9vKPr65yFNz7Qgj8zBeqMR775Ky8Ev", "5/29/2025, 11:55:31 AM" ,     1.0
  201, "E5Ghx38s2RxVJ6UBJF9JkHhxNN1kPWfsdAfNdmEwp4wG", "25gB9ajqwggC1UcQmR65cKSWF3sGWHDVou8WJULHiWxb", "7/23/2025, 9:10:44 AM"  ,     1.0
  202, "EasiV2wAcC4DR685UFj5VHgnqHtX8QVhJ8pywH4T6m51", "D7Tm6P4XoXn9d4Ye63JbhyzZrdeR3Pr2aivbweH7G9u2", "4/1/2025, 8:26:35 AM"   ,     1.0
  203, "BFeqHbds14swgm4hpcZST2eESUbfbQmXQ5zzVZQs6vK1", "8CfQfALxt2q5oFC2hTWpNLcYqBQ5omgL7kFsoQdYo7Qy", "6/9/2025, 3:28:47 AM"   ,     1.0
  204, "4J56urR2RpiHtue2oChdXHCLt7JPV71k1MgCKxmkK8M1", "B4L5QR5yYui7JdU4SwW4S51rBpcKVHKxNcMa1wJ6hhTz", "4/10/2025, 4:20:54 AM"  ,     1.0
  205, "9NeFq2X5axwtaqdcioHpnW1NPU4aZxBvDZE19dVSfgD6", "KeDctUqAjECBp8iMFXQZvjrn5BCJfWd1NXniMZofEDA" , "4/7/2025, 8:35:06 PM"   ,     1.0
  206, "9NnwnfgJMtGsvaoRiYnEEgixQqabE9WmpH3xs8rhW6ZK", "5vwDBrnjUBLyjMnVBUvBk4uu2j8f2FvZg6rms1GDpPFi", "10/20/2025, 3:29:33 PM" ,     1.0
  207, "H4B1YQd8Rv6EGtXBdarsPCZX8JNjNnckK9bkhHZhfq91", "BeXhN2HfaAr3Ztc5okMBqoDznQ3rBnYcuXrjnht73EJF", "4/24/2025, 5:21:12 PM"  ,     1.0
  208, "3s5AHx5fyTVdcu5B9U36XMpK3Zo8yQLBZESkawDoP6Wr", "86PYUyxoWZv749UhVCcCpYMjw9SgtfiftWnTGuV3ZTUc", "5/25/2025, 4:53:53 PM"  ,     1.0
  209, "BNhfUaS1QbAbCUFswZJGZ6ZpqAPyJcjd8NnAiHjhsruS", "GfqAkS8ZkxLZ9TFUYM6pTJstneYcsZmdTmJmEZvj91oY", "10/10/2025, 7:27:37 PM" ,     1.0
  210, "43aMGo5Gqn3bma6hKMDppTcYJK4YgEMTby9Ez9MjVLyx", "ARRoXF1W227Z1ibjD2bWyNFo6mH2zpGo9JuGRztbA8mJ", "3/19/2025, 4:11:04 PM"  ,     1.0
  211, "DAuHVLGH65y1zis1heEubdZvnH3DczrMMDYZcy1nkRsp", "AWfhdENZ7SGrym5nyQxxuis4Hk6jcMKDkCz5kXAtiDjf", "6/7/2025, 5:06:52 PM"   ,     1.0
  212, "EZaJBPtECsKiC9ypXYumjAPVocAra5hxUPGRb4Q46vGL", "2UzMNt8qcsXQpg4g4bN8kaTahgtjh2KrjeajedTMzQGL", "5/26/2025, 7:20:08 PM"  ,     1.0
  213, "7vR6uJSsgYdeA5pMDHxmi6gQdzLUyxELwsxXcqFPisDi", "A6PYUvvDMfTMBrkgVKHGRZkha7aTUY7wnZmW4yrrngQ" , "5/15/2025, 12:38:52 PM" ,     1.0
  214, "BrcdMQ2dWH2HX2sMQWC7LXPAg9wGrfjbJinKFu6dT8Gs", "69qHugvU51vJ7o73M26eBqHttXwDh3dSe47ahFYg3rfo", "5/21/2025, 9:02:35 PM"  ,     1.0
  215, "39aptv9yoygAdZ9DKLce9GPnNQwTqbx8RB9XN2yaT3hp", "3dPCAEsauKtb8ddtdkc9YJ1DDXstAz8JhJXu3t2uTFJo", "4/13/2025, 5:46:47 PM"  ,     1.0
  216, "CMK7KFQbRd1k6zsvihgDwPhvh4kab2wRiu95mkpn7mtf", "A6xij6rBqDrZCXUBzFvhdHxX1tnii12PEMky8j1YhxSj", "4/24/2025, 5:24:23 PM"  ,     1.0
  217, "AsXrobcR1QzdBGSDjJ5hGPjtgsspFhyS6KgDYFsJiDct", "9whGWgzBTJZaFmdw6ugw2krfCQFyaFoY1wuUjj2yTYiF", "5/31/2025, 9:19:50 PM"  ,     1.0
  218, "GhiAKCQeHvA4chDhxsRhyoHn3oNFZf9AgLmK9NjNJSRK", "5yWDStcCB6DSGm44ixuQmu9GV1Aht8WhSCuKzth3tDQG", "5/30/2025, 4:58:28 PM"  ,     1.0
  219, "7ruaEQ4nv8RAfh5wQ7KpL1r5PAZKkhLHCmgtJGiPzPR3", "6ryjxpQmF9KMWHNDBjv9Sb6Mr7779PnLTpcN1zZMpL2F", "4/4/2025, 7:01:08 PM"   ,     1.0
  220, "4mSYVehNtCwFQme3Px7YGfva27Ysy5NfjKX5L2gDyUL7", "HThhVKQ4nUafXA3PxHtnm33iZYBRbrrUfKKSv1V5LdiX", "5/29/2025, 6:42:03 PM"  ,     1.0
  221, "6wU9W5dmhE7e4eWiH1QW4hGYCA5eSKKHcmCiwZrdyzjB", "3iAYtMrGUnhzKhXdai3rsrF3FgpVJnULM5VR6Jx5wsep", "4/9/2025, 6:39:51 PM"   ,     1.0
  222, "9JcEvyHcnBJF5S7b86bepGBqUiRYKg4zTeWePbSRJo5j", "CNkQsvz8Z5jLYz91hg2BruR39hWYK2SaaH39vdophaMY", "6/6/2025, 4:44:18 PM"   ,     1.0
  223, "3LR686crvS7AjRb75EzQc9DiRqdsVXmKNkUzdyjNJz4E", "KeDctUqAjECBp8iMFXQZvjrn5BCJfWd1NXniMZofEDA" , "4/9/2025, 1:24:11 PM"   ,     1.0
  224, "3h2ZedsFwRMvv95ktzTPzkbGqZWuKhpPWY2s91d98dAV", "Bxg2ptrTeUwsdAVgFrMu4GMrjFU6qV1BnC34RPwH9BJp", "6/17/2025, 3:21:51 AM"  ,     1.0
  225, "G4kUxZeDuFpjz2e2GkQuyDkyYcizCGwmqpjjWym9Nzrs", "EDvQNtVLGjYnW9qF9uc3GVjcyLMBPWBb6JiwmYLzTckj", "4/8/2025, 5:16:28 AM"   ,     1.0
  226, "6GHK9rJ9Fh7PRJAmkWSwExRxLsUvbHhAXqjqixsh3xHH", "BTGKNXvwC7Y2T3U8PHRrf9hF2uHbfC16cyJaEgaUkaNs", "3/19/2025, 1:16:18 PM"  ,     1.0
  227, "7ngSwEcpCe9h9qo4wp2wtuWF2g4eMUseVuSCHkqWmWFH", "9RcEhkPUgqgh5qMBabdBZZnRGD7uvkANE4kdtEH6pGkV", "5/23/2025, 2:09:21 AM"  ,     1.0
  228, "2UPXgGizp9cCea7SFUeSTxLJ47aKfnUUXt1Pr3GGk4fp", "Ec3nzEVcQ7jxgJWoHF9eECa2ysyjK95h6agNQVesNXnK", "5/30/2025, 11:23:13 PM" ,     1.0
  229, "4rHuBZmJzQMehLWqkzxFnmmg7KReCsxtiQm8BPdeJLpC", "52LzNBzsruwZYNXs1zAysHdaCXpazey7NuUgv2w74hfW", "4/30/2025, 7:43:49 PM"  ,     1.0
  230, "CQCHAFWRfAVRiG6paL11HWtRtT8XwbwYwSCzY5oRzBE2", "3dPCAEsauKtb8ddtdkc9YJ1DDXstAz8JhJXu3t2uTFJo", "4/13/2025, 5:47:37 PM"  ,     1.0
  231, "8mrCULaJHWMsdyokh7nr2VUkxjLGsFYFgDdrvrBfuZzH", "9Hvgx71kAYj4kijCmdfFysN1bavtzpQtXDpSSxph7D6Y", "4/16/2025, 11:14:49 PM" ,     1.0
  232, "FoTYxPMmUM68BeThrZ4LSD4CUYyz6X3HNJ2vHvk3pTEF", "3E1MAZzMV69yXwtZFy9cSTSByVMXGCSasitCNtRX5UxT", "7/22/2025, 7:55:40 AM"  ,     1.0
  233, "DmkNKc2w73fP8whjty2UkgfNb2kLzUro3SE45tPyEX3e", "8CfQfALxt2q5oFC2hTWpNLcYqBQ5omgL7kFsoQdYo7Qy", "6/9/2025, 4:30:37 AM"   ,     1.0
  234, "Gca82oEYyzxw4gpc98GejMGMGhD7m4SGjEDMLJZepcWT", "7iYaj6nuiKoVGiGzaF5ys4igwziCT1H4mYNtfFVHc2wX", "5/28/2025, 12:04:51 PM" ,     1.0
  235, "BGHfNhFEhfLRmcirHCB6e4qyFiCGTAzJ4PGdKtnqGWiA", "32whq39Xxe4NryK9a3XW6V2Sj9GygTxC5C8iFEyWDoVJ", "6/12/2025, 1:15:10 AM"  ,     1.0
  236, "G6pCyVYaWEnAPLkoHbei3Jyx4RHwE1Dj9ZiEPM5KfjYN", "2ifRSPcDgMv4NVCQLUpBsuAgkxGy2ap9vrR5bVFzZUHw", "5/31/2025, 6:11:55 PM"  ,     1.0
  237, "8hYohqvLZHnBSzYGS7yR4RqVdA9hZU48KmEsycY4qcCk", "BeXhN2HfaAr3Ztc5okMBqoDznQ3rBnYcuXrjnht73EJF", "4/24/2025, 3:00:06 AM"  ,     1.0
  238, "6ybUMguoGB9KfedEqP2ZeAEXr2mj1MuY29E65iwyz1Hf", "BTGKNXvwC7Y2T3U8PHRrf9hF2uHbfC16cyJaEgaUkaNs", "3/18/2025, 10:07:25 PM" ,     1.0
  239, "GCRhwPGMStrrnDZSWhNRPpaU5HsmEmdPPxAigxYs5KRi", "2zLtdzL6qS2TstQWLpPSQtpVkeGnswHMP9uPmSSGUsgV", "4/30/2025, 4:40:03 PM"  ,     1.0
  240, "EyPY2KQQoLAjmrtC9gmQxSDzXTZPKTTtzRQGKvY8Magr", "CANAXULnruUcijxgpvYve7RogAtzUuoeU9cVtANwiFTh", "5/29/2025, 3:07:59 AM"  ,     1.0
  241, "36wWN4xw1ShKK8CYt9vBYQMqvjQEwurwrneK8XVU1j4d", "EGhXa7fnDa1FWVdqGiaHoso9yg1bBDbvw9WAWvsxrziu", "6/27/2025, 11:20:56 PM" ,     1.0
  242, "5rnZBSTSTAWfSYxRZWLjiLGdXUqGymPuExbXi1m4S5Bq", "GWN41SyozSCyanq7S5yE6S6Q4KrYTUAkZEC7P8WTydpr", "6/1/2025, 2:43:08 PM"   ,     1.0
  243, "BFvbsSGUAhPzhiZhK1PVQvX5fd1Prhog7Dpkgbo9QpQV", "A6xij6rBqDrZCXUBzFvhdHxX1tnii12PEMky8j1YhxSj", "4/24/2025, 5:22:59 PM"  ,     1.0
  244, "B9RYx26we5QmKcVFr7HYuTVtYNWkSHV7Z7PwF5fdmqu5", "FgakVGW4t83N6uRCfX5FUTghkoVCEG9R8kjHhbYtofPz", "5/31/2025, 1:47:02 AM"  ,     1.0
  245, "5guf8siNWFiS2jY2FKTLWQH6vhMUABe55kLxubCP9BjY", "ABvNi1HtPSitU7YbX6uLdvip14FCuGnrmnwk2JpBdsft", "3/19/2025, 5:00:34 AM"  ,     1.0
  246, "EZjQf56wVftWU3er9CpLQT6yJcvRzhGnpnQxy9dKsUqu", "CJsVULvkQ9Zgf6iaEELncNYfVQUYyUaABPpfDSEGhSQu", "5/18/2025, 9:51:24 AM"  ,     1.0
  247, "HDxSFNpFsSHMgmtQMfpu1ET3zmBE6oBc2yQ3Ro3hquTb", "7B685ggKDUTohfwM8vBVF7HnZveuY6myQHjzBtkGrK8C", "5/31/2025, 2:28:27 AM"  ,     1.0
  248, "Bfn2sfa9yaDkShq4Mq2eMmdTw35yJxPyzCiytNiqSxCX", "CJsVULvkQ9Zgf6iaEELncNYfVQUYyUaABPpfDSEGhSQu", "5/26/2025, 9:44:06 AM"  ,     1.0
  249, "49dkSK1391MuDW6EL25V9CBK2dEjpZodz5QbiwatyNB5", "5vwDBrnjUBLyjMnVBUvBk4uu2j8f2FvZg6rms1GDpPFi", "4/28/2025, 6:34:09 AM"  ,     1.0
  250, "CXDzKedk9unSYdZG7xMRw6ahSuuztX7ZDHh83vNqekm1", "6VvpCUkUP1712EuGqqS5RaaT4TF8ULoKrQuwrXicCJCf", "4/10/2025, 4:26:05 AM"  ,     1.0
  251, "BLgYa4JZfagB4xEF2hEpb9EH2a4cjyrKduueNcPYyGRE", "QvRRjuJd3Uvw1AsMGcjMoV8HxQV1emXPBgyU5SniPEy" , "9/11/2025, 7:37:37 AM"  ,     1.0
  252, "3whnb9BCKSYHNiiQSq2B7jjnzA9xUeihH72KqqFLfCQR", "9Hvgx71kAYj4kijCmdfFysN1bavtzpQtXDpSSxph7D6Y", "4/16/2025, 11:12:23 PM" ,     1.0
  253, "FCCqbT8k3pwa3MqurTbN7Qy8BA3VFxq1nxcJzQaoPSQT", "H5qQA4rTw9TR5s6pLLMcFk4pm2HgFMTJzaFt52Bie54a", "5/2/2025, 11:32:42 PM"  ,     1.0
  254, "7dhiz2URAj84PA439YP9Na5gv36ArWMRctgW6vazPmhd", "Ah4giGb3tCGsPBTe7Ec4T3RaU5F1PNdx2TEeQxiH8CoT", "3/22/2025, 8:11:22 PM"  ,     1.0
  255, "DmU1N8PvxZo5fHyibqYLmJe1wde5zzQjra2yYoqNbKcL", "CYJpE1GmMN9oEKHBRWYC5DSKYkYNK2VJBbogXi5MLFu6", "3/24/2025, 3:25:55 AM"  ,     1.0
  256, "GxmaEed5LMRNhkt25iMScocnSnRs9bfH2HpPyMQoiK7C", "CYJpE1GmMN9oEKHBRWYC5DSKYkYNK2VJBbogXi5MLFu6", "3/24/2025, 3:27:12 AM"  ,     1.0
  257, "62QC9qh8bYPN5A6YMhR8VAysUcQDSV3KzJrY4aT6Zkad", "GfqAkS8ZkxLZ9TFUYM6pTJstneYcsZmdTmJmEZvj91oY", "4/4/2025, 12:09:31 AM"  ,     1.0
  258, "CP9S9NMUqMjXCPMjNdiNmA1ywidZHWrAEskXRzv8xo7v", "Weur8GgZKNRaTnNBr4Tv7QcUcLJob5gjy4f4dJnFNuH" , "3/19/2025, 9:38:39 PM"  ,     1.0
  259, "BVArYVKHFFrcSPLub8sy3cty3eNtjveSrC6ZBBG2nqds", "73PYe5P4a3r2NgvSCqs7hgLq2aMXr3JSkUos3FSAFMSm", "4/25/2025, 5:29:45 AM"  ,     1.0
  260, "FrJGWqX4t7tZcT5o3mysCmTk41okbbCz2ZHxBaUyuYwk", "JCssGhJS8p438J4AiZGKaE1ARLaMbQD61dDquPUqoV2x", "4/28/2025, 1:20:01 PM"  ,     1.0
  261, "FbqU9um5MVSbdHDMSwCxEtJwcgWQBNxVj8pQ4yTwpbqy", "5T1kqHzi9K7gHJYTaAWYcoseTKWCf2SHaF41XcqFZwFh", "5/26/2025, 3:51:04 PM"  ,     1.0
  262, "BAVKGWBzWnD5XDvcLW5C86eLcadksJQ5kL97wKzgFm1p", "DrzvC5UygToA3wfCNdr42mVNrw5dPadDuimAhQ2ek7Wp", "3/19/2025, 3:52:49 AM"  ,     1.0
  263, "7pRC189s7vDAb5HwN4RxmQbtnfbcoEFR2JUp9Smx3Mpm", "A7bqtNzjovurg8vKpTDqRBixaHqAhgkPj4JQhk6za3Tk", "5/6/2025, 7:38:35 PM"   ,     1.0
  264, "2UBKnThsDweXQGSgsovCAawRJtnQ1VGW7oBJ3pzDyp6E", "FP4nqFFUT1DienSajBF7htKzhWK4nKLYpPjPRVksQhE5", "5/28/2025, 3:52:36 AM"  ,     1.0
  265, "8RQG6E3jimAmvWNLecLCTvFJapsra7SiYuFQ3wqTQVz1", "9GaaXCbtbEZKEriByAdRAnFtwTQa1eckX3SqKJajFPwm", "3/18/2025, 6:13:37 PM"  ,     1.0
  266, "5RiV11dH8f1ne6y4AF1qubN8oaVqDjc7v6vETfiypo26", "EDvQNtVLGjYnW9qF9uc3GVjcyLMBPWBb6JiwmYLzTckj", "4/4/2025, 8:33:39 AM"   ,     1.0
  267, "9sBFPjJH4RTjqntEg8pZbTiCXkWRPbr8w8VauQ19wg5u", "A7bqtNzjovurg8vKpTDqRBixaHqAhgkPj4JQhk6za3Tk", "9/11/2025, 6:51:26 AM"  ,     1.0
  268, "CnArhvaeS8YhEpXZ5jZzkmix7PDfGKtQZbPe8dj75Rc3", "8JRsjXe9GKtv1mc6nAhwxu1YtRLJXa6hweD3HzEHt1yk", "3/19/2025, 11:51:14 PM" ,     1.0
  269, "7u2vPk5x4ymTTGFrDYJoTGGn8o3LuAMPQD3hMPweTSyd", "BeXhN2HfaAr3Ztc5okMBqoDznQ3rBnYcuXrjnht73EJF", "4/24/2025, 5:18:30 PM"  ,     1.0
  270, "78JQGPgwjL38TDpki9zgQFXXjZJmAbdXoFi4E9mbodPD", "3E1MAZzMV69yXwtZFy9cSTSByVMXGCSasitCNtRX5UxT", "7/14/2025, 1:41:19 PM"  ,     1.0
  271, "E1rgJg185MKz54veFTBFfgzFSy5hax24BfswHHYpNwaL", "HF5AxfgmejrRBg6rDkEkEETdEfJEctFPnufNyozjLsnW", "5/26/2025, 5:18:51 PM"  ,     1.0
  272, "73Z9mp6aGh7GjHKRK8Ghi2QiThmLUkVjNDC9wNTbhJ9h", "U2wERau5nXDBn9BNGEawd3EbUvbRpB5EH8mzp7tqGvc" , "4/30/2025, 11:25:28 PM" ,     1.0
  273, "6ZFjPzWHCNuUwD5h3wh7cVGPTUNLdY9jS8vMy2wCe5xF", "9xVvifaTQG5SMMvNbpLZj9zhkhmUXkgfV4AHyRne4FbY", "4/28/2025, 10:42:49 AM" ,     1.0
  274, "CxCtJpwQPQixQY8cP1gV6LpjhZBChCKv1KJe4JxYLMLc", "ABvNi1HtPSitU7YbX6uLdvip14FCuGnrmnwk2JpBdsft", "3/19/2025, 4:58:12 AM"  ,     1.0
  275, "AbSHSrkYYe5h5v6AEs22JjQsDtHdEVYczX5ttHEvLxuw", "FH6GhMWQMxRKhqtuKb2Uxs5sv6dXkfJ59QtWZhXb6cMe", "3/24/2025, 2:45:46 AM"  ,     1.0
  276, "2LkFCD5vpBcgch1LHbNd8vZmNpFMsgtaTDvzLLBYc7Uj", "Bx1aHrYYhrqKAHkJZE7qrbEBHX43LBKgsy3aBwu2h1Zr", "3/18/2025, 5:19:58 PM"  ,     1.0
  277, "3T3PXgZeLDtzvbvBQi5Y9vVNG52cz5TUKYK47ToVZN3A", "5DrfPm15VwRPh6aZ7aZ22bsPj7jSWAWrCjmm13H9tosW", "11/5/2025, 7:26:51 PM"  ,     1.0
  278, "8z8yhGUYMFVJ3pFkoRRRPTedrL3HUtYeYf5trBFXCfzQ", "F4XJsyo3gfDfrLMNoC3q3jpTWzF2vx8ntVJX9F2PLj5X", "5/16/2025, 2:40:20 PM"  ,     1.0
  279, "5bBpL29938GDTZpJQmLdhhtWVfNCFX7bVGwZza3bMNLX", "69qHugvU51vJ7o73M26eBqHttXwDh3dSe47ahFYg3rfo", "5/22/2025, 8:41:02 PM"  ,     1.0
  280, "EfuyNb75JQ7jvGhrgPhrRUbrWSt5xrJiWiwehubPdKry", "9kYBNUzJvvw8EvniSxeteHMHZaAcsDvLifS3TXdxzF9o", "5/30/2025, 8:36:48 PM"  ,     1.0
  281, "FMqseTpP8FVG1W9JXXayd3e3Ub39E8DqE3iJgbN94bC8", "2hZPiiGQD2GpiDBoiNXXn2tDE9ftZZwR81zx6AghE2FV", "4/15/2025, 6:28:51 PM"  ,     1.0
  282, "3L3oLZBHaZXWVE1UKj3Bp5gXfo4DTMVKdKVuo7JTS6b3", "QvRRjuJd3Uvw1AsMGcjMoV8HxQV1emXPBgyU5SniPEy" , "3/19/2025, 10:17:51 PM" ,     1.0
  283, "DkCfVNbHjTT3aG6UXx1KpKJVsgiaNcTqatkjnmtzCTPq", "6bVutitV5v6qqE5pds8DD4jTVQ4jpbxjV8comt1eb6j4", "4/26/2025, 10:10:37 PM" ,     1.0
  284, "9faUshVgYVPBLhNXd5gR2Ecb3cMKFH8uLEoAFh4WduqE", "2zLtdzL6qS2TstQWLpPSQtpVkeGnswHMP9uPmSSGUsgV", "4/29/2025, 11:59:19 AM" ,     1.0
  285, "FDU6NoJY1VHuQqupEBvftrpp5SFcunxjv8GCQo4hGNCV", "A7bqtNzjovurg8vKpTDqRBixaHqAhgkPj4JQhk6za3Tk", "5/6/2025, 7:50:43 PM"   ,     1.0
  286, "FKv8AarYNkTCTzEfEUB3nYHDyTnF5JKh6hQyLYKbSBSM", "68jGBZsX3LwZWKwMmi2feZNvMDeANRMwsHAHQRHN5YJP", "3/25/2025, 4:00:46 PM"  ,     1.0